bioassay_id,survey_id,insecticide,insecticide_class,concentration,exposure_duration_min,assay_method,assay_type,synergist,dead_alive_printed,n_exposed,n_dead,n_alive,reported_mortality_pct,mortality_time_h,inconsistency_note,source_text,page,table,figure,supplement
s13071_016_1923_5_asokwa_sl_malathion_5,s13071_016_1923_5_asokwa_sl,malathion,organophosphates,5%,60.0,WHO tube test,diagnostic dose,,True,125,123,2,98.0,24.0,,"Table 1: Organophosphates, Malathion (5%), Asokwa submetropolis: N = 125, Dead (n) = 123, Survived (n) = 2, Mortality (%) = 98",4,Table 1,,
s13071_016_1923_5_asokwa_sl_pirimiphos_methyl_025,s13071_016_1923_5_asokwa_sl,pirimiphos-methyl,organophosphates,0.25%,60.0,WHO tube test,diagnostic dose,,True,107,107,0,100.0,24.0,,"Table 1: Organophosphates, Pirimiphos-methyl (0.25%), Asokwa submetropolis: N = 107, Dead (n) = 107, Survived (n) = 0, Mortality (%) = 100",4,Table 1,,
s13071_016_1923_5_asokwa_sl_propoxur_01,s13071_016_1923_5_asokwa_sl,propoxur,carbamates,0.1%,60.0,WHO tube test,diagnostic dose,,True,119,67,52,56.0,24.0,,"Table 1: Carbamates, Propoxur (0.1%), Asokwa submetropolis: N = 119, Dead (n) = 67, Survived (n) = 52, Mortality (%) = 56",4,Table 1,,
s13071_016_1923_5_asokwa_sl_bendiocarb_01,s13071_016_1923_5_asokwa_sl,bendiocarb,carbamates,0.1%,60.0,WHO tube test,diagnostic dose,,True,99,38,61,38.0,24.0,,"Table 1: Carbamates, Bendiocarb (0.1%), Asokwa submetropolis: N = 99, Dead (n) = 38, Survived (n) = 61, Mortality (%) = 38",4,Table 1,,
s13071_016_1923_5_asokwa_sl_cyfluthrin_015,s13071_016_1923_5_asokwa_sl,cyfluthrin,pyrethroids,0.15%,60.0,WHO tube test,diagnostic dose,,True,109,34,75,31.0,24.0,,"Table 1: Pyrethoids, Cyfluthrin (0.15%), Asokwa submetropolis: N = 109, Dead (n) = 34, Survived (n) = 75, Mortality (%) = 31",4,Table 1,,
s13071_016_1923_5_asokwa_sl_deltamethrin_005,s13071_016_1923_5_asokwa_sl,deltamethrin,pyrethroids,0.05%,60.0,WHO tube test,diagnostic dose,,True,102,48,54,47.0,24.0,,"Table 1: Pyrethoids, Deltamethrin (0.05%), Asokwa submetropolis: N = 102, Dead (n) = 48, Survived (n) = 54, Mortality (%) = 47",4,Table 1,,
s13071_016_1923_5_asokwa_sl_lambda_cyhalothrin_005,s13071_016_1923_5_asokwa_sl,lambda-cyhalothrin,pyrethroids,0.05%,60.0,WHO tube test,diagnostic dose,,True,104,16,88,15.0,24.0,,"Table 1: Pyrethoids, Lambda-cyhalothrin (0.05%), Asokwa submetropolis: N = 104, Dead (n) = 16, Survived (n) = 88, Mortality (%) = 15",4,Table 1,,
s13071_016_1923_5_asokwa_sl_permethrin_075,s13071_016_1923_5_asokwa_sl,permethrin,pyrethroids,0.75%,60.0,WHO tube test,diagnostic dose,,True,101,26,75,26.0,24.0,,"Table 1: Pyrethoids, Permethrin (0.75%), Asokwa submetropolis: N = 101, Dead (n) = 26, Survived (n) = 75, Mortality (%) = 26",4,Table 1,,
s13071_016_1923_5_asokwa_sl_ddt_4,s13071_016_1923_5_asokwa_sl,DDT,organochlorides,4%,60.0,WHO tube test,diagnostic dose,,True,108,41,67,38.0,24.0,,"Table 1: Organochorides, DDT (4%), Asokwa submetropolis: N = 108, Dead (n) = 41, Survived (n) = 67, Mortality (%) = 38",4,Table 1,,
s13071_016_1923_5_asokwa_sl_dieldrin_4,s13071_016_1923_5_asokwa_sl,dieldrin,organochlorides,4%,60.0,WHO tube test,diagnostic dose,,True,95,44,51,46.0,24.0,,"Table 1: Organochorides, Dieldrin (4%), Asokwa submetropolis: N = 95, Dead (n) = 44, Survived (n) = 51, Mortality (%) = 46",4,Table 1,,
