survey_id,gene,marker,gene_std,variant_std,variant_type,tier,amino_acid_change,nucleotide_change,resistant_allele,genotyping_method,pooled,n_genotyped,rr,rs,ss,n_carriers,resistant_allele_count,reported_allele_freq,inconsistency_note,source_text,page,table,figure,supplement
s41598_025_14239_x_tamale_fitam,Vgsc,N1570Y,Vgsc,N1570Y,SNP,1,N1570Y,,Y,allele-specific PCR,False,30,,,,,,0.27,,Tamale Fitam N=30 N1570Y 0.27,4,Table 1,,
s41598_025_14239_x_tamale_fitam,Vgsc,V402L,Vgsc,V402L,SNP,1,V402L,,L,allele-specific PCR,False,30,,,,,,0.92,,Tamale Fitam N=30 V402L 0.92,4,Table 1,,
s41598_025_14239_x_tamale_fitam,Vgsc,I1527T,Vgsc,I1527T,SNP,1,I1527T,,T,allele-specific PCR,False,30,,,,,,0.55,,Tamale Fitam N=30 I1527T 0.55,4,Table 1,,
s41598_025_14239_x_tamale_fitam,Vgsc,L995F,Vgsc,L995F,SNP,1,L995F,,F,allele-specific PCR,False,30,,,,,,0.93,,Tamale Fitam N=30 L995F 0.93,4,Table 1,,
s41598_025_14239_x_tamale_fitam,Vgsc,L995S,Vgsc,L995S,SNP,1,L995S,,S,allele-specific PCR,False,30,,,,,,0.35,,Tamale Fitam N=30 L995S 0.35,4,Table 1,,
s41598_025_14239_x_tamale_fitam,Ace-1,G280S,Ace-1,G280S,SNP,2,G280S,,S,allele-specific PCR,False,30,,,,,,0.07,"Table 1 header printed as G208S, which is a typographical error for Ace-1 G280S as described in the text.",Tamale Fitam N=30 G208S 0.07,4,Table 1,,
s41598_025_14239_x_tamale_fitam,Vgsc,P1874L,Vgsc,P1874L,SNP,1,P1874L,,L,allele-specific PCR,False,30,,,,,,0.73,,Tamale Fitam N=30 P1874L 0.73,4,Table 1,,
s41598_025_14239_x_abossey_okai,Vgsc,N1570Y,Vgsc,N1570Y,SNP,1,N1570Y,,Y,allele-specific PCR,False,30,,,,,,0.42,,Abossey Okai N=30 N1570Y 0.42,4,Table 1,,
s41598_025_14239_x_abossey_okai,Vgsc,V402L,Vgsc,V402L,SNP,1,V402L,,L,allele-specific PCR,False,30,,,,,,0.73,,Abossey Okai N=30 V402L 0.73,4,Table 1,,
s41598_025_14239_x_abossey_okai,Vgsc,I1527T,Vgsc,I1527T,SNP,1,I1527T,,T,allele-specific PCR,False,30,,,,,,0.52,,Abossey Okai N=30 I1527T 0.52,4,Table 1,,
s41598_025_14239_x_abossey_okai,Vgsc,L995F,Vgsc,L995F,SNP,1,L995F,,F,allele-specific PCR,False,30,,,,,,0.97,,Abossey Okai N=30 L995F 0.97,4,Table 1,,
s41598_025_14239_x_abossey_okai,Vgsc,L995S,Vgsc,L995S,SNP,1,L995S,,S,allele-specific PCR,False,30,,,,,,0.33,,Abossey Okai N=30 L995S 0.33,4,Table 1,,
s41598_025_14239_x_abossey_okai,Ace-1,G280S,Ace-1,G280S,SNP,2,G280S,,S,allele-specific PCR,False,30,,,,,,0.13,"Table 1 header printed as G208S, which is a typographical error for Ace-1 G280S as described in the text.",Abossey Okai N=30 G208S 0.13,4,Table 1,,
s41598_025_14239_x_abossey_okai,Vgsc,P1874L,Vgsc,P1874L,SNP,1,P1874L,,L,allele-specific PCR,False,30,,,,,,0.75,,Abossey Okai N=30 P1874L 0.75,4,Table 1,,
s41598_025_14239_x_kokompe,Vgsc,N1570Y,Vgsc,N1570Y,SNP,1,N1570Y,,Y,allele-specific PCR,False,30,,,,,,0.15,,Kokompe N=30 N1570Y 0.15,4,Table 1,,
s41598_025_14239_x_kokompe,Vgsc,V402L,Vgsc,V402L,SNP,1,V402L,,L,allele-specific PCR,False,30,,,,,,0.87,,Kokompe N=30 V402L 0.87,4,Table 1,,
s41598_025_14239_x_kokompe,Vgsc,I1527T,Vgsc,I1527T,SNP,1,I1527T,,T,allele-specific PCR,False,30,,,,,,0.57,,Kokompe N=30 I1527T 0.57,4,Table 1,,
s41598_025_14239_x_kokompe,Vgsc,L995F,Vgsc,L995F,SNP,1,L995F,,F,allele-specific PCR,False,30,,,,,,0.98,,Kokompe N=30 L995F 0.98,4,Table 1,,
s41598_025_14239_x_kokompe,Vgsc,L995S,Vgsc,L995S,SNP,1,L995S,,S,allele-specific PCR,False,30,,,,,,0.12,,Kokompe N=30 L995S 0.12,4,Table 1,,
s41598_025_14239_x_kokompe,Ace-1,G280S,Ace-1,G280S,SNP,2,G280S,,S,allele-specific PCR,False,30,,,,,,0.08,"Table 1 header printed as G208S, which is a typographical error for Ace-1 G280S as described in the text.",Kokompe N=30 G208S 0.08,4,Table 1,,
s41598_025_14239_x_kokompe,Vgsc,P1874L,Vgsc,P1874L,SNP,1,P1874L,,L,allele-specific PCR,False,30,,,,,,0.77,,Kokompe N=30 P1874L 0.77,4,Table 1,,
s41598_025_14239_x_obuasi,Vgsc,N1570Y,Vgsc,N1570Y,SNP,1,N1570Y,,Y,allele-specific PCR,False,30,,,,,,0.57,,Obuasi N=30 N1570Y 0.57,4,Table 1,,
s41598_025_14239_x_obuasi,Vgsc,V402L,Vgsc,V402L,SNP,1,V402L,,L,allele-specific PCR,False,30,,,,,,0.87,,Obuasi N=30 V402L 0.87,4,Table 1,,
s41598_025_14239_x_obuasi,Vgsc,I1527T,Vgsc,I1527T,SNP,1,I1527T,,T,allele-specific PCR,False,30,,,,,,0.6,,Obuasi N=30 I1527T 0.60,4,Table 1,,
s41598_025_14239_x_obuasi,Vgsc,L995F,Vgsc,L995F,SNP,1,L995F,,F,allele-specific PCR,False,30,,,,,,0.98,,Obuasi N=30 L995F 0.98,4,Table 1,,
s41598_025_14239_x_obuasi,Vgsc,L995S,Vgsc,L995S,SNP,1,L995S,,S,allele-specific PCR,False,30,,,,,,0.27,,Obuasi N=30 L995S 0.27,4,Table 1,,
s41598_025_14239_x_obuasi,Ace-1,G280S,Ace-1,G280S,SNP,2,G280S,,S,allele-specific PCR,False,30,,,,,,0.62,"Table 1 header printed as G208S, which is a typographical error for Ace-1 G280S as described in the text.",Obuasi N=30 G208S 0.62,4,Table 1,,
s41598_025_14239_x_obuasi,Vgsc,P1874L,Vgsc,P1874L,SNP,1,P1874L,,L,allele-specific PCR,False,30,,,,,,0.7,,Obuasi N=30 P1874L 0.70,4,Table 1,,
s41598_025_14239_x_tema_c1,Vgsc,N1570Y,Vgsc,N1570Y,SNP,1,N1570Y,,Y,allele-specific PCR,False,30,,,,,,0.42,,Tema community 1 N=30 N1570Y 0.42,4,Table 1,,
s41598_025_14239_x_tema_c1,Vgsc,V402L,Vgsc,V402L,SNP,1,V402L,,L,allele-specific PCR,False,30,,,,,,0.85,,Tema community 1 N=30 V402L 0.85,4,Table 1,,
s41598_025_14239_x_tema_c1,Vgsc,I1527T,Vgsc,I1527T,SNP,1,I1527T,,T,allele-specific PCR,False,30,,,,,,0.64,,Tema community 1 N=30 I1527T 0.64,4,Table 1,,
s41598_025_14239_x_tema_c1,Vgsc,L995F,Vgsc,L995F,SNP,1,L995F,,F,allele-specific PCR,False,30,,,,,,0.95,,Tema community 1 N=30 L995F 0.95,4,Table 1,,
s41598_025_14239_x_tema_c1,Vgsc,L995S,Vgsc,L995S,SNP,1,L995S,,S,allele-specific PCR,False,30,,,,,,0.37,,Tema community 1 N=30 L995S 0.37,4,Table 1,,
s41598_025_14239_x_tema_c1,Ace-1,G280S,Ace-1,G280S,SNP,2,G280S,,S,allele-specific PCR,False,30,,,,,,0.17,"Table 1 header printed as G208S, which is a typographical error for Ace-1 G280S as described in the text.",Tema community 1 N=30 G208S 0.17,4,Table 1,,
s41598_025_14239_x_tema_c1,Vgsc,P1874L,Vgsc,P1874L,SNP,1,P1874L,,L,allele-specific PCR,False,30,,,,,,0.68,,Tema community 1 N=30 P1874L 0.68,4,Table 1,,
s41598_025_14239_x_accra_ind,Vgsc,N1570Y,Vgsc,N1570Y,SNP,1,N1570Y,,Y,allele-specific PCR,False,30,,,,,,0.48,,Accra Industrial Area N=30 N1570Y 0.48,4,Table 1,,
s41598_025_14239_x_accra_ind,Vgsc,V402L,Vgsc,V402L,SNP,1,V402L,,L,allele-specific PCR,False,30,,,,,,0.88,,Accra Industrial Area N=30 V402L 0.88,4,Table 1,,
s41598_025_14239_x_accra_ind,Vgsc,I1527T,Vgsc,I1527T,SNP,1,I1527T,,T,allele-specific PCR,False,30,,,,,,0.65,,Accra Industrial Area N=30 I1527T 0.65,4,Table 1,,
s41598_025_14239_x_accra_ind,Vgsc,L995F,Vgsc,L995F,SNP,1,L995F,,F,allele-specific PCR,False,30,,,,,,0.82,,Accra Industrial Area N=30 L995F 0.82,4,Table 1,,
s41598_025_14239_x_accra_ind,Vgsc,L995S,Vgsc,L995S,SNP,1,L995S,,S,allele-specific PCR,False,30,,,,,,0.2,,Accra Industrial Area N=30 L995S 0.20,4,Table 1,,
s41598_025_14239_x_accra_ind,Ace-1,G280S,Ace-1,G280S,SNP,2,G280S,,S,allele-specific PCR,False,30,,,,,,0.23,"Table 1 header printed as G208S, which is a typographical error for Ace-1 G280S as described in the text.",Accra Industrial Area N=30 G208S 0.23,4,Table 1,,
s41598_025_14239_x_accra_ind,Vgsc,P1874L,Vgsc,P1874L,SNP,1,P1874L,,L,allele-specific PCR,False,30,,,,,,0.65,,Accra Industrial Area N=30 P1874L 0.65,4,Table 1,,
