Paper/Study ID,Record type,Survey ID,DOI,PMID,Publication year,Country,Data source,Evidence location (data source),Species reported,Species complex/group,Molecular species,Country (site),Sampling site,Admin level 1,Admin level 2,Latitude,Longitude,Coordinates reported or inferred,Evidence location (coordinates),Spatial precision / uncertainty,Collection start date,Collection end date,Collection year,Temporal precision,Mosquito collection method,Mosquito life stage,Wild/laboratory population,Generation,Total sample size,Insecticide name,Pyrethroid subtype,Insecticide concentration,Exposure duration,Assay method,Assay type,Synergist used,Number exposed,Number surviving,Number dead,Survival proportion,Mortality proportion,Phenotype,Mortality assessment time,Gene,Variant/marker,Amino-acid change,Nucleotide change,Resistant allele,Genotyping method,Number genotyped,Resistant allele count,Allele frequency,Homozygous resistant (RR),Heterozygous (RS),Homozygous susceptible (SS),RR frequency,RS frequency,SS frequency,Phenotype group,VGSC variant in survivors,VGSC variant in dead mosquitoes,RR survivors,RS survivors,SS survivors,RR dead,RS dead,SS dead,Coordinates verified,Species identification method,Sample size reported,Raw counts available,AI extraction confidence,Human verified,Source sentence/table,Page number,Figure number,Supplementary material
isabelleborloz__5362_NTONGA_AKONO,genotype,isabelleborloz__5362_NTONGA_AKONO_urban,10.48327/mtsi.v2i4.2022.284,NA,2022,Cameroon,journal,p. 1,Anopheles gambiae s.l.,An. gambiae complex,NA,Cameroon,Kribi urbain,South Region,NA,2.95,9.9167,reported,p. 4,town,2020-06,2021-04,2020-2021,multi-year,dipping,larvae,wild_reared,F0,1440,NA,NA,NA,NA,NA,NA,NA,NA,NA,NA,NA,NA,NA,NA,Vgsc,L995F,L995F,NA,F,TaqMan,100,NA,0.94,NA,NA,NA,NA,NA,NA,NA,NA,NA,NA,NA,NA,NA,NA,NA,FALSE,morphological and PCR,yes,no (reported frequency only),high,FALSE,"Tableau IV: Tableau IV: Kribi urbain, Kdr West, N=100, R=0,94",7,NA,NA
isabelleborloz__5362_NTONGA_AKONO,genotype,isabelleborloz__5362_NTONGA_AKONO_urban,10.48327/mtsi.v2i4.2022.284,NA,2022,Cameroon,journal,p. 1,Anopheles gambiae s.l.,An. gambiae complex,NA,Cameroon,Kribi urbain,South Region,NA,2.95,9.9167,reported,p. 4,town,2020-06,2021-04,2020-2021,multi-year,dipping,larvae,wild_reared,F0,1440,NA,NA,NA,NA,NA,NA,NA,NA,NA,NA,NA,NA,NA,NA,Vgsc,L995S,L995S,NA,S,TaqMan,100,NA,0.18,NA,NA,NA,NA,NA,NA,NA,NA,NA,NA,NA,NA,NA,NA,NA,FALSE,morphological and PCR,yes,no (reported frequency only),high,FALSE,"Tableau IV: Tableau IV: Kribi urbain, Kdr East, N=100, R=0,18",7,NA,NA
isabelleborloz__5362_NTONGA_AKONO,genotype,isabelleborloz__5362_NTONGA_AKONO_rural,10.48327/mtsi.v2i4.2022.284,NA,2022,Cameroon,journal,p. 1,Anopheles gambiae s.l.,An. gambiae complex,NA,Cameroon,Kribi rural,South Region,NA,2.9167,9.9167,reported,p. 4,village,2020-06,2021-04,2020-2021,multi-year,dipping,larvae,wild_reared,F0,1440,NA,NA,NA,NA,NA,NA,NA,NA,NA,NA,NA,NA,NA,NA,Vgsc,L995F,L995F,NA,F,TaqMan,75,NA,0.93,NA,NA,NA,NA,NA,NA,NA,NA,NA,NA,NA,NA,NA,NA,NA,FALSE,morphological and PCR,yes,no (reported frequency only),high,FALSE,"Tableau IV: Tableau IV: Kribi rural, Kdr West, N=75, R=0,93",7,NA,NA
isabelleborloz__5362_NTONGA_AKONO,genotype,isabelleborloz__5362_NTONGA_AKONO_rural,10.48327/mtsi.v2i4.2022.284,NA,2022,Cameroon,journal,p. 1,Anopheles gambiae s.l.,An. gambiae complex,NA,Cameroon,Kribi rural,South Region,NA,2.9167,9.9167,reported,p. 4,village,2020-06,2021-04,2020-2021,multi-year,dipping,larvae,wild_reared,F0,1440,NA,NA,NA,NA,NA,NA,NA,NA,NA,NA,NA,NA,NA,NA,Vgsc,L995S,L995S,NA,S,TaqMan,75,NA,0.15,NA,NA,NA,NA,NA,NA,NA,NA,NA,NA,NA,NA,NA,NA,NA,FALSE,morphological and PCR,yes,no (reported frequency only),high,FALSE,"Tableau IV: Tableau IV: Kribi rural, Kdr East, N=75, R=0,15",7,NA,NA
isabelleborloz__5362_NTONGA_AKONO,bioassay,isabelleborloz__5362_NTONGA_AKONO_rural,10.48327/mtsi.v2i4.2022.284,NA,2022,Cameroon,journal,p. 1,Anopheles gambiae s.l.,An. gambiae complex,NA,Cameroon,Kribi rural,South Region,NA,2.9167,9.9167,reported,p. 4,village,2020-06,2021-04,2020-2021,multi-year,dipping,larvae,wild_reared,F0,1440,permethrin,type I,75%,60 min,WHO tube,diagnostic_dose,none,80,51,29,0.6375,0.3625,confirmed resistance,24 h,NA,NA,NA,NA,NA,NA,NA,NA,NA,NA,NA,NA,NA,NA,NA,NA,NA,NA,NA,NA,NA,NA,NA,NA,FALSE,morphological and PCR,yes,yes,high,FALSE,"Tableau III: Tableau III: Rurale, Perm. 75%: 36,25%",7,NA,NA
isabelleborloz__5362_NTONGA_AKONO,bioassay,isabelleborloz__5362_NTONGA_AKONO_rural,10.48327/mtsi.v2i4.2022.284,NA,2022,Cameroon,journal,p. 1,Anopheles gambiae s.l.,An. gambiae complex,NA,Cameroon,Kribi rural,South Region,NA,2.9167,9.9167,reported,p. 4,village,2020-06,2021-04,2020-2021,multi-year,dipping,larvae,wild_reared,F0,1440,permethrin,type I,75%,60 min,WHO tube,diagnostic_dose,PBO,80,25,55,0.3125,0.6875,NA,24 h,NA,NA,NA,NA,NA,NA,NA,NA,NA,NA,NA,NA,NA,NA,NA,NA,NA,NA,NA,NA,NA,NA,NA,NA,FALSE,morphological and PCR,yes,yes,high,FALSE,"Tableau III: Tableau III: Rurale, PBO + Perm. 75%: 68,75%",7,NA,NA
isabelleborloz__5362_NTONGA_AKONO,bioassay,isabelleborloz__5362_NTONGA_AKONO_rural,10.48327/mtsi.v2i4.2022.284,NA,2022,Cameroon,journal,p. 1,Anopheles gambiae s.l.,An. gambiae complex,NA,Cameroon,Kribi rural,South Region,NA,2.9167,9.9167,reported,p. 4,village,2020-06,2021-04,2020-2021,multi-year,dipping,larvae,wild_reared,F0,1440,DDT,not a pyrethroid,4%,60 min,WHO tube,diagnostic_dose,none,80,77,3,0.9625,0.0375,confirmed resistance,24 h,NA,NA,NA,NA,NA,NA,NA,NA,NA,NA,NA,NA,NA,NA,NA,NA,NA,NA,NA,NA,NA,NA,NA,NA,FALSE,morphological and PCR,yes,yes,high,FALSE,"Tableau III: Tableau III: Rurale, DDT 4%: 3,75%",7,NA,NA
isabelleborloz__5362_NTONGA_AKONO,bioassay,isabelleborloz__5362_NTONGA_AKONO_rural,10.48327/mtsi.v2i4.2022.284,NA,2022,Cameroon,journal,p. 1,Anopheles gambiae s.l.,An. gambiae complex,NA,Cameroon,Kribi rural,South Region,NA,2.9167,9.9167,reported,p. 4,village,2020-06,2021-04,2020-2021,multi-year,dipping,larvae,wild_reared,F0,1440,DDT,not a pyrethroid,4%,60 min,WHO tube,diagnostic_dose,PBO,80,65,15,0.8125,0.1875,NA,24 h,NA,NA,NA,NA,NA,NA,NA,NA,NA,NA,NA,NA,NA,NA,NA,NA,NA,NA,NA,NA,NA,NA,NA,NA,FALSE,morphological and PCR,yes,yes,high,FALSE,"Tableau III: Tableau III: Rurale, PBO+ DDT 4%: 18,75%",7,NA,NA
isabelleborloz__5362_NTONGA_AKONO,bioassay,isabelleborloz__5362_NTONGA_AKONO_rural,10.48327/mtsi.v2i4.2022.284,NA,2022,Cameroon,journal,p. 1,Anopheles gambiae s.l.,An. gambiae complex,NA,Cameroon,Kribi rural,South Region,NA,2.9167,9.9167,reported,p. 4,village,2020-06,2021-04,2020-2021,multi-year,dipping,larvae,wild_reared,F0,1440,deltamethrin,type II,0.05%,60 min,WHO tube,diagnostic_dose,none,80,26,54,0.325,0.675,confirmed resistance,24 h,NA,NA,NA,NA,NA,NA,NA,NA,NA,NA,NA,NA,NA,NA,NA,NA,NA,NA,NA,NA,NA,NA,NA,NA,FALSE,morphological and PCR,yes,yes,high,FALSE,"Tableau III: Tableau III: Rurale, Delta. 0,05%: 67,5%",7,NA,NA
isabelleborloz__5362_NTONGA_AKONO,bioassay,isabelleborloz__5362_NTONGA_AKONO_rural,10.48327/mtsi.v2i4.2022.284,NA,2022,Cameroon,journal,p. 1,Anopheles gambiae s.l.,An. gambiae complex,NA,Cameroon,Kribi rural,South Region,NA,2.9167,9.9167,reported,p. 4,village,2020-06,2021-04,2020-2021,multi-year,dipping,larvae,wild_reared,F0,1440,deltamethrin,type II,0.05%,60 min,WHO tube,diagnostic_dose,PBO,80,12,68,0.15,0.85,NA,24 h,NA,NA,NA,NA,NA,NA,NA,NA,NA,NA,NA,NA,NA,NA,NA,NA,NA,NA,NA,NA,NA,NA,NA,NA,FALSE,morphological and PCR,yes,yes,high,FALSE,"Tableau III: Tableau III: Rurale, PBO + Delta. 0,05%: 85%",7,NA,NA
isabelleborloz__5362_NTONGA_AKONO,bioassay,isabelleborloz__5362_NTONGA_AKONO_urban,10.48327/mtsi.v2i4.2022.284,NA,2022,Cameroon,journal,p. 1,Anopheles gambiae s.l.,An. gambiae complex,NA,Cameroon,Kribi urbain,South Region,NA,2.95,9.9167,reported,p. 4,town,2020-06,2021-04,2020-2021,multi-year,dipping,larvae,wild_reared,F0,1440,permethrin,type I,75%,60 min,WHO tube,diagnostic_dose,none,80,45,35,0.5625,0.4375,confirmed resistance,24 h,NA,NA,NA,NA,NA,NA,NA,NA,NA,NA,NA,NA,NA,NA,NA,NA,NA,NA,NA,NA,NA,NA,NA,NA,FALSE,morphological and PCR,yes,yes,high,FALSE,"Tableau III: Tableau III: Urbaine, Perm. 75%: 43,75%",7,NA,NA
isabelleborloz__5362_NTONGA_AKONO,bioassay,isabelleborloz__5362_NTONGA_AKONO_urban,10.48327/mtsi.v2i4.2022.284,NA,2022,Cameroon,journal,p. 1,Anopheles gambiae s.l.,An. gambiae complex,NA,Cameroon,Kribi urbain,South Region,NA,2.95,9.9167,reported,p. 4,town,2020-06,2021-04,2020-2021,multi-year,dipping,larvae,wild_reared,F0,1440,permethrin,type I,75%,60 min,WHO tube,diagnostic_dose,PBO,80,18,62,0.225,0.775,NA,24 h,NA,NA,NA,NA,NA,NA,NA,NA,NA,NA,NA,NA,NA,NA,NA,NA,NA,NA,NA,NA,NA,NA,NA,NA,FALSE,morphological and PCR,yes,yes,high,FALSE,"Tableau III: Tableau III: Urbaine, PBO + Perm. 75%: 77,5%",7,NA,NA
isabelleborloz__5362_NTONGA_AKONO,bioassay,isabelleborloz__5362_NTONGA_AKONO_urban,10.48327/mtsi.v2i4.2022.284,NA,2022,Cameroon,journal,p. 1,Anopheles gambiae s.l.,An. gambiae complex,NA,Cameroon,Kribi urbain,South Region,NA,2.95,9.9167,reported,p. 4,town,2020-06,2021-04,2020-2021,multi-year,dipping,larvae,wild_reared,F0,1440,DDT,not a pyrethroid,4%,60 min,WHO tube,diagnostic_dose,none,80,75,5,0.9375,0.0625,confirmed resistance,24 h,NA,NA,NA,NA,NA,NA,NA,NA,NA,NA,NA,NA,NA,NA,NA,NA,NA,NA,NA,NA,NA,NA,NA,NA,FALSE,morphological and PCR,yes,yes,high,FALSE,"Tableau III: Tableau III: Urbaine, DDT 4%: 6,25%",7,NA,NA
isabelleborloz__5362_NTONGA_AKONO,bioassay,isabelleborloz__5362_NTONGA_AKONO_urban,10.48327/mtsi.v2i4.2022.284,NA,2022,Cameroon,journal,p. 1,Anopheles gambiae s.l.,An. gambiae complex,NA,Cameroon,Kribi urbain,South Region,NA,2.95,9.9167,reported,p. 4,town,2020-06,2021-04,2020-2021,multi-year,dipping,larvae,wild_reared,F0,1440,DDT,not a pyrethroid,4%,60 min,WHO tube,diagnostic_dose,PBO,80,68,12,0.85,0.15,NA,24 h,NA,NA,NA,NA,NA,NA,NA,NA,NA,NA,NA,NA,NA,NA,NA,NA,NA,NA,NA,NA,NA,NA,NA,NA,FALSE,morphological and PCR,yes,yes,high,FALSE,"Tableau III: Tableau III: Urbaine, PBO+ DDT 4%: 15%",7,NA,NA
isabelleborloz__5362_NTONGA_AKONO,bioassay,isabelleborloz__5362_NTONGA_AKONO_urban,10.48327/mtsi.v2i4.2022.284,NA,2022,Cameroon,journal,p. 1,Anopheles gambiae s.l.,An. gambiae complex,NA,Cameroon,Kribi urbain,South Region,NA,2.95,9.9167,reported,p. 4,town,2020-06,2021-04,2020-2021,multi-year,dipping,larvae,wild_reared,F0,1440,deltamethrin,type II,0.05%,60 min,WHO tube,diagnostic_dose,none,80,33,47,0.4125,0.5875,confirmed resistance,24 h,NA,NA,NA,NA,NA,NA,NA,NA,NA,NA,NA,NA,NA,NA,NA,NA,NA,NA,NA,NA,NA,NA,NA,NA,FALSE,morphological and PCR,yes,yes,high,FALSE,"Tableau III: Tableau III: Urbaine, Delta. 0,05%: 58,75%",7,NA,NA
isabelleborloz__5362_NTONGA_AKONO,bioassay,isabelleborloz__5362_NTONGA_AKONO_urban,10.48327/mtsi.v2i4.2022.284,NA,2022,Cameroon,journal,p. 1,Anopheles gambiae s.l.,An. gambiae complex,NA,Cameroon,Kribi urbain,South Region,NA,2.95,9.9167,reported,p. 4,town,2020-06,2021-04,2020-2021,multi-year,dipping,larvae,wild_reared,F0,1440,deltamethrin,type II,0.05%,60 min,WHO tube,diagnostic_dose,PBO,80,8,72,0.1,0.9,NA,24 h,NA,NA,NA,NA,NA,NA,NA,NA,NA,NA,NA,NA,NA,NA,NA,NA,NA,NA,NA,NA,NA,NA,NA,NA,FALSE,morphological and PCR,yes,yes,high,FALSE,"Tableau III: Tableau III: Urbaine, PBO + Delta. 0,05%: 90%",7,NA,NA
s12936_021_03606_4,genotype,s12936_021_03606_4_tulukuyi_2018,10.1186/s12936-021-03606-4,NA,2021,Kenya,literature,p. 1,Anopheles gambiae sensu stricto (s.s.),An. gambiae complex,An. gambiae s.s.,Kenya,Tulukuyi village,Bungoma County,NA,0.56,34.56,reported,p. 2,village,2018-04,2018-05,2018,months within year,indoor aspiration,adult,wild_reared,F1,133,NA,NA,NA,NA,NA,NA,NA,NA,NA,NA,NA,NA,NA,NA,Vgsc,L995S,L1014S,NA,S,RT-PCR,100,NA,0.9914,NA,NA,NA,NA,NA,NA,NA,NA,NA,NA,NA,NA,NA,NA,NA,FALSE,PCR,yes,no (reported frequency only),high,FALSE,"Of all 100 samples, 99% had the kdr east (Vgsc_1014S) mutation and the remaining one had the kdr west (Vgsc_1014F) gene mutation... along with high frequency (99.14%) of the kdr east allele in the F1 progeny originating from Tulukuyi, Western Kenya.","6, 8",NA,NA
s12936_021_03606_4,genotype,s12936_021_03606_4_tulukuyi_2018,10.1186/s12936-021-03606-4,NA,2021,Kenya,literature,p. 1,Anopheles gambiae sensu stricto (s.s.),An. gambiae complex,An. gambiae s.s.,Kenya,Tulukuyi village,Bungoma County,NA,0.56,34.56,reported,p. 2,village,2018-04,2018-05,2018,months within year,indoor aspiration,adult,wild_reared,F1,133,NA,NA,NA,NA,NA,NA,NA,NA,NA,NA,NA,NA,NA,NA,Vgsc,L995F,L1014F,NA,F,RT-PCR,100,NA,0.01,NA,NA,NA,NA,NA,NA,NA,NA,NA,NA,NA,NA,NA,NA,NA,FALSE,PCR,yes,no (reported frequency only),high,FALSE,"Post bioassay, 50 resistant and 50 susceptible mosquitoes were subsequently screened for kdr East and West mutations... of the 100 selected for further processing, 99% were positive for kdr East and 1% for kdr West... and the remaining one had the kdr west (Vgsc_1014F) gene mutation.","1, 6",NA,NA
s12936_021_03606_4,bioassay,s12936_021_03606_4_tulukuyi_2018,10.1186/s12936-021-03606-4,NA,2021,Kenya,literature,p. 1,Anopheles gambiae sensu stricto (s.s.),An. gambiae complex,An. gambiae s.s.,Kenya,Tulukuyi village,Bungoma County,NA,0.56,34.56,reported,p. 2,village,2018-04,2018-05,2018,months within year,indoor aspiration,adult,wild_reared,F1,133,permethrin,type I,107.5 µg/ml,30 min,CDC bottle,intensity,none,133,63,70,0.4737,0.5263,NA,0.5 h,NA,NA,NA,NA,NA,NA,NA,NA,NA,NA,NA,NA,NA,NA,NA,NA,NA,NA,NA,NA,NA,NA,NA,NA,FALSE,PCR,yes,yes,high,FALSE,"A total of 133 F1 virgin, non-blood fed adult females aged 2–3days were tested for permethrin resistance following the Centers for Disease Control and Prevention (CDC) guidelines for evaluating insecticide resistance [24]... at a final concentration of 107.5µg/ml (5× the dose for discriminating permethrin resistance in Anopheles)... Using the F1 progeny, the bioassays were conducted for 30 minutes at the end of which permethrin resistance was recorded. Mosquitoes that were alive after the bioassay were categorized as resistant and subsequently killed by freezing, while those that were dead or moribund were categorized as susceptible. (Page 4); A total of 133 adult F1 female An. gambiae s.s. were tested for resistance to permethrin using 5× (107.5 µg/ml) the discriminating dose (21.5 µg/ml) of the insecticide, and 52.6% of the samples tested were found to be susceptible. (Page 6)","4, 6",NA,NA
s13071_021_04706_5,genotype,s13071_021_04706_5_kilifi_2013_2014,10.1186/s13071-021-04706-5,33883000,2021,Kenya,primary,p. 1,Anopheles gambiae (s.l.),Anopheles gambiae complex,Anopheles gambiae s.s.,Kenya,"Kilifi County (eight sites: Ngombeni, Mbogolo, Jaribuni, Kidutani, Shibe, Mapawa, Mangororo, Burangi)",Kilifi County,NA,NA,NA,NA,NA,admin1,2013-06,2014-07,2013-2014,multi-year,larval dipping,larvae,wild_reared,F0,49,NA,NA,NA,NA,NA,NA,NA,NA,NA,NA,NA,NA,NA,NA,Vgsc,L995S,L1014S,NA,S,real-time PCR,49,6,0.0612,2,2,45,0.0408,0.0408,0.9184,NA,NA,NA,NA,NA,NA,NA,NA,NA,FALSE,PCR amplification of rDNA intergenic spacers,yes,yes,high,FALSE,"3: Table 3 Knockdown resistance allelic frequency in An. gambiae (s.s.) populations from Kilifi county, coastal Kenya.",6,NA,NA
s13071_021_04706_5,bioassay,s13071_021_04706_5_kilifi_2013_2014,10.1186/s13071-021-04706-5,33883000,2021,Kenya,primary,p. 1,Anopheles gambiae (s.l.),Anopheles gambiae complex,Anopheles gambiae s.s.,Kenya,"Kilifi County (eight sites: Ngombeni, Mbogolo, Jaribuni, Kidutani, Shibe, Mapawa, Mangororo, Burangi)",Kilifi County,NA,NA,NA,NA,NA,admin1,2013-06,2014-07,2013-2014,multi-year,larval dipping,larvae,wild_reared,F0,49,pyrethroids,NA,NA,60 min,WHO tube bioassay,standard,none,49,15,34,0.3061,0.6939,confirmed resistance,24 h,NA,NA,NA,NA,NA,NA,NA,NA,NA,NA,NA,NA,NA,NA,NA,NA,NA,NA,NA,NA,NA,NA,NA,NA,FALSE,PCR amplification of rDNA intergenic spacers,yes,yes,high,FALSE,"3: Upon exposure to pyrethroids for 24 h, a total of 15 An. gambiae, An. arabiensis and An. gambiae (s.s.) were identified with the resistant phenotype, while 34 had the susceptible phenotype.",6,NA,NA
s13071_021_04706_5,geno_pheno,s13071_021_04706_5_kilifi_2013_2014,10.1186/s13071-021-04706-5,33883000,2021,Kenya,primary,p. 1,Anopheles gambiae (s.l.),Anopheles gambiae complex,Anopheles gambiae s.s.,Kenya,"Kilifi County (eight sites: Ngombeni, Mbogolo, Jaribuni, Kidutani, Shibe, Mapawa, Mangororo, Burangi)",Kilifi County,NA,NA,NA,NA,NA,admin1,2013-06,2014-07,2013-2014,multi-year,larval dipping,larvae,wild_reared,F0,49,pyrethroids,NA,NA,60 min,WHO tube bioassay,standard,none,49,15,34,0.3061,0.6939,confirmed resistance,24 h,Vgsc,L995S,NA,NA,NA,NA,49,NA,0.0612,2,2,45,0.0408,0.0408,0.9184,alive + dead,L995S,L995S,0,1,14,2,1,31,FALSE,PCR amplification of rDNA intergenic spacers,yes,yes,high,FALSE,"3: Table 3 Knockdown resistance allelic frequency in An. gambiae (s.s.) populations from Kilifi county, coastal Kenya. Resistant refers to mosquitoes alive after 24 h of exposure to pyrethroid pesticide.",6,NA,NA
