bioassay_id,survey_id,insecticide,insecticide_class,concentration,exposure_duration_min,assay_method,assay_type,synergist,n_exposed,n_dead,n_alive,reported_mortality_pct,mortality_time_h,source_text,page,table,figure,supplement
isabelleborloz__5362_NTONGA_AKONO_rural_perm_75,isabelleborloz__5362_NTONGA_AKONO_rural,permethrin,pyrethroid,75%,60.0,WHO tube,diagnostic_dose,,80,29,51,36.25,24.0,"Tableau III: Rurale, Perm. 75%: 36,25%",7,Tableau III,,
isabelleborloz__5362_NTONGA_AKONO_rural_perm_75_pbo,isabelleborloz__5362_NTONGA_AKONO_rural,permethrin,pyrethroid,75%,60.0,WHO tube,diagnostic_dose,PBO,80,55,25,68.75,24.0,"Tableau III: Rurale, PBO + Perm. 75%: 68,75%",7,Tableau III,,
isabelleborloz__5362_NTONGA_AKONO_rural_ddt_4,isabelleborloz__5362_NTONGA_AKONO_rural,DDT,organochlorine,4%,60.0,WHO tube,diagnostic_dose,,80,3,77,3.75,24.0,"Tableau III: Rurale, DDT 4%: 3,75%",7,Tableau III,,
isabelleborloz__5362_NTONGA_AKONO_rural_ddt_4_pbo,isabelleborloz__5362_NTONGA_AKONO_rural,DDT,organochlorine,4%,60.0,WHO tube,diagnostic_dose,PBO,80,15,65,18.75,24.0,"Tableau III: Rurale, PBO+ DDT 4%: 18,75%",7,Tableau III,,
isabelleborloz__5362_NTONGA_AKONO_rural_delta_005,isabelleborloz__5362_NTONGA_AKONO_rural,deltamethrin,pyrethroid,0.05%,60.0,WHO tube,diagnostic_dose,,80,54,26,67.5,24.0,"Tableau III: Rurale, Delta. 0,05%: 67,5%",7,Tableau III,,
isabelleborloz__5362_NTONGA_AKONO_rural_delta_005_pbo,isabelleborloz__5362_NTONGA_AKONO_rural,deltamethrin,pyrethroid,0.05%,60.0,WHO tube,diagnostic_dose,PBO,80,68,12,85.0,24.0,"Tableau III: Rurale, PBO + Delta. 0,05%: 85%",7,Tableau III,,
isabelleborloz__5362_NTONGA_AKONO_urban_perm_75,isabelleborloz__5362_NTONGA_AKONO_urban,permethrin,pyrethroid,75%,60.0,WHO tube,diagnostic_dose,,80,35,45,43.75,24.0,"Tableau III: Urbaine, Perm. 75%: 43,75%",7,Tableau III,,
isabelleborloz__5362_NTONGA_AKONO_urban_perm_75_pbo,isabelleborloz__5362_NTONGA_AKONO_urban,permethrin,pyrethroid,75%,60.0,WHO tube,diagnostic_dose,PBO,80,62,18,77.5,24.0,"Tableau III: Urbaine, PBO + Perm. 75%: 77,5%",7,Tableau III,,
isabelleborloz__5362_NTONGA_AKONO_urban_ddt_4,isabelleborloz__5362_NTONGA_AKONO_urban,DDT,organochlorine,4%,60.0,WHO tube,diagnostic_dose,,80,5,75,6.25,24.0,"Tableau III: Urbaine, DDT 4%: 6,25%",7,Tableau III,,
isabelleborloz__5362_NTONGA_AKONO_urban_ddt_4_pbo,isabelleborloz__5362_NTONGA_AKONO_urban,DDT,organochlorine,4%,60.0,WHO tube,diagnostic_dose,PBO,80,12,68,15.0,24.0,"Tableau III: Urbaine, PBO+ DDT 4%: 15%",7,Tableau III,,
isabelleborloz__5362_NTONGA_AKONO_urban_delta_005,isabelleborloz__5362_NTONGA_AKONO_urban,deltamethrin,pyrethroid,0.05%,60.0,WHO tube,diagnostic_dose,,80,47,33,58.75,24.0,"Tableau III: Urbaine, Delta. 0,05%: 58,75%",7,Tableau III,,
isabelleborloz__5362_NTONGA_AKONO_urban_delta_005_pbo,isabelleborloz__5362_NTONGA_AKONO_urban,deltamethrin,pyrethroid,0.05%,60.0,WHO tube,diagnostic_dose,PBO,80,72,8,90.0,24.0,"Tableau III: Urbaine, PBO + Delta. 0,05%: 90%",7,Tableau III,,
