survey_id,country,site_name,admin1,admin2,latitude_reported,longitude_reported,spatial_precision,collection_start,collection_end,temporal_notes,species_reported,species_complex,molecular_species,species_id_method,collection_method,life_stage,population_type,generation,total_sample_size,coord_source_text,coord_page,coord_table,coord_figure,coord_supplement,source_text,page,table,figure,supplement,latitude_geocoded,longitude_geocoded,geocode_level,geocode_query,geocode_source
1_s2_0_S0001706X19317632_main_bafata_oct2018,Guinea-Bissau,Bafatá,Bafatá,,,,town,2018-10-06,2018-10-31,Fieldwork for the collection of immature forms of Anopheles spp. mosquitoes took place from 6 to 31 October 2018,Anopheles gambiae s.l.,An. gambiae complex,,PCR-RFLP / SINE200,larval collection,larva/pupa,wild_reared,F0,,,,,,,"Fieldwork for the collection of immature forms of Anopheles spp. mosquitoes took place from 6 to 31 October 2018 in each of the GB sentinel regions. Anopheles gambiae s.l. larvae were collected at the end of the rain period from breeding sites in the regions of Buba, Gabu-Bafata, Bafata, Gabu and Bissau.",2,,,,12.17234,-14.6555,town,Bafatá,"OSM Nominatim: Bafatá, Sector de Bafatá, Região de Bafatá, Província Leste, Guiné-Bissau"
1_s2_0_S0001706X19317632_main_bafata_nov2018,Guinea-Bissau,Bafatá,Bafatá,,,,town,2018-11-01,2018-11-30,Collected in November 2018 for molecular analysis,Anopheles gambiae s.l.,An. gambiae complex,,PCR-RFLP / SINE200,larval collection,larva/pupa,wild_reared,F0,,,,,,,Table 2: Bafata Nov 2018,4,Table 2,,,12.17234,-14.6555,town,Bafatá,"OSM Nominatim: Bafatá, Sector de Bafatá, Região de Bafatá, Província Leste, Guiné-Bissau"
1_s2_0_S0001706X19317632_main_buba_oct2018,Guinea-Bissau,Buba,Quinara,,,,town,2018-10-06,2018-10-31,Fieldwork for the collection of immature forms of Anopheles spp. mosquitoes took place from 6 to 31 October 2018,Anopheles gambiae s.l.,An. gambiae complex,,PCR-RFLP / SINE200,larval collection,larva/pupa,wild_reared,F0,,,,,,,"Fieldwork for the collection of immature forms of Anopheles spp. mosquitoes took place from 6 to 31 October 2018 in each of the GB sentinel regions. Anopheles gambiae s.l. larvae were collected at the end of the rain period from breeding sites in the regions of Buba, Gabu-Bafata, Bafata, Gabu and Bissau.",2,,,,11.59198,-14.99479,town,"Buba, Quinara","OSM Nominatim: Sector de Buba, Região de Quinara, Província Sul, Guiné-Bissau"
1_s2_0_S0001706X19317632_main_buba_nov2018,Guinea-Bissau,Buba,Quinara,,,,town,2018-11-01,2018-11-30,Collected in November 2018 for molecular analysis,Anopheles gambiae s.l.,An. gambiae complex,,PCR-RFLP / SINE200,larval collection,larva/pupa,wild_reared,F0,,,,,,,Table 2: Buba-1 Nov 2018,4,Table 2,,,11.59198,-14.99479,town,"Buba, Quinara","OSM Nominatim: Sector de Buba, Região de Quinara, Província Sul, Guiné-Bissau"
1_s2_0_S0001706X19317632_main_cacheu_oct2018,Guinea-Bissau,Cacheu,Cacheu,,,,town,2018-10-06,2018-10-31,Fieldwork for the collection of immature forms of Anopheles spp. mosquitoes took place from 6 to 31 October 2018,Anopheles gambiae s.l.,An. gambiae complex,,PCR-RFLP / SINE200,larval collection,larva/pupa,wild_reared,F0,,,,,,,"Fieldwork for the collection of immature forms of Anopheles spp. mosquitoes took place from 6 to 31 October 2018 in each of the GB sentinel regions. Anopheles gambiae s.l. larvae were collected at the end of the rain period from breeding sites in the regions of Buba, Gabu-Bafata, Bafata, Gabu and Bissau.",2,,,,12.27425,-16.16489,town,Cacheu,"OSM Nominatim: Cacheu, Sector de Cacheu, Região de Cacheu, Província Norte, Guiné-Bissau"
1_s2_0_S0001706X19317632_main_gabu_oct2018,Guinea-Bissau,Gabu,Gabú,,,,town,2018-10-06,2018-10-31,Fieldwork for the collection of immature forms of Anopheles spp. mosquitoes took place from 6 to 31 October 2018,Anopheles gambiae s.l.,An. gambiae complex,,PCR-RFLP / SINE200,larval collection,larva/pupa,wild_reared,F0,,,,,,,"Fieldwork for the collection of immature forms of Anopheles spp. mosquitoes took place from 6 to 31 October 2018 in each of the GB sentinel regions. Anopheles gambiae s.l. larvae were collected at the end of the rain period from breeding sites in the regions of Buba, Gabu-Bafata, Bafata, Gabu and Bissau.",2,,,,12.28195,-14.22608,town,"Gabu, Gabú","OSM Nominatim: Gabu, Sector de Gabu, Região de Gabu, Província Leste, Guiné-Bissau"
1_s2_0_S0001706X19317632_main_gabu_nov2018,Guinea-Bissau,Gabu,Gabú,,,,town,2018-11-01,2018-11-30,Collected in November 2018 for molecular analysis,Anopheles gambiae s.l.,An. gambiae complex,,PCR-RFLP / SINE200,larval collection,larva/pupa,wild_reared,F0,,,,,,,Table 2: Gabu-1 Nov 2018,4,Table 2,,,12.28195,-14.22608,town,"Gabu, Gabú","OSM Nominatim: Gabu, Sector de Gabu, Região de Gabu, Província Leste, Guiné-Bissau"
1_s2_0_S0001706X19317632_main_gabu_bafata_nov2018,Guinea-Bissau,Gabu-Bafatá,,,,,admin1,2018-11-01,2018-11-30,Collected in November 2018 for molecular analysis,Anopheles gambiae s.l.,An. gambiae complex,,PCR-RFLP / SINE200,larval collection,larva/pupa,wild_reared,F0,,,,,,,Table 2: Gabu/Bafata Nov 2018,4,Table 2,,,,,,,
1_s2_0_S0001706X19317632_main_bissau_oct2018,Guinea-Bissau,Bissau,Bissau,,,,town,2018-10-06,2018-10-31,Fieldwork for the collection of immature forms of Anopheles spp. mosquitoes took place from 6 to 31 October 2018,Anopheles gambiae s.l.,An. gambiae complex,,PCR-RFLP / SINE200,larval collection,larva/pupa,wild_reared,F0,,,,,,,"Fieldwork for the collection of immature forms of Anopheles spp. mosquitoes took place from 6 to 31 October 2018 in each of the GB sentinel regions. Anopheles gambiae s.l. larvae were collected at the end of the rain period from breeding sites in the regions of Buba, Gabu-Bafata, Bafata, Gabu and Bissau.",2,,,,11.86132,-15.58305,town,Bissau,"OSM Nominatim: Bissau, Sector autónomo de Bissau, 1021, Guiné-Bissau"
1_s2_0_S0001706X19317632_main_bissau_nov2018,Guinea-Bissau,Bissau,Bissau,,,,town,2018-11-01,2018-11-30,Collected in November 2018 for molecular analysis,Anopheles gambiae s.l.,An. gambiae complex,,PCR-RFLP / SINE200,larval collection,larva/pupa,wild_reared,F0,,,,,,,Table 2: Bissau-1** Nov 2018,4,Table 2,,,11.86132,-15.58305,town,Bissau,"OSM Nominatim: Bissau, Sector autónomo de Bissau, 1021, Guiné-Bissau"
